file_in,1619 project,advocacy,ally,anti-racism,antiracism,bias,black lives matter,blm,critical race theory,discrimination,diversity,equity,gender,george floyd,implicit bias,inclusion,intersectional,justice,kendi,microaggression,multicultural,oppression,privilege,race,racism,racist,social justice,systemic,transgender,white fragility,white supremacy,total_chr,year,society,term_sum,dei_sum,race_sum,gender_sum,society_full_name
/mnt/c/Users/m/projects/nas_crt/data/learned_societies/acs/2015-boston.txt,0,3,4,0,0,0,0,0,0,2,20,0,2,0,0,6,0,0,0,0,0,0,0,0,0,0,0,2,0,0,0,2059394,2015,acs,39,26,0,2,Am. Chemical Society
/mnt/c/Users/m/projects/nas_crt/data/learned_societies/acs/2015-denver.txt,0,3,2,0,0,1,0,0,0,3,18,1,2,0,0,4,0,0,0,0,0,0,0,1,0,0,0,1,0,0,0,2199523,2015,acs,36,23,0,2,Am. Chemical Society
/mnt/c/Users/m/projects/nas_crt/data/learned_societies/acs/2016-philadelphia.txt,0,1,3,0,0,5,0,0,0,2,37,4,4,0,0,21,0,4,0,0,0,0,0,7,0,0,0,4,1,0,0,2653264,2016,acs,93,62,0,4,Am. Chemical Society
/mnt/c/Users/m/projects/nas_crt/data/learned_societies/acs/2016-san-diego.txt,0,4,1,0,0,4,0,0,0,2,49,0,4,0,0,8,0,2,0,0,4,0,0,2,0,0,0,1,0,0,0,2546592,2016,acs,81,57,0,4,Am. Chemical Society
/mnt/c/Users/m/projects/nas_crt/data/learned_societies/acs/2017-washington.txt,0,14,2,0,0,2,0,0,0,2,20,1,5,0,0,6,0,2,1,0,0,0,0,1,0,0,0,3,1,0,0,2697759,2017,acs,60,27,0,5,Am. Chemical Society
/mnt/c/Users/m/projects/nas_crt/data/learned_societies/acs/2018-acs-nola-program-book.txt,0,0,0,0,0,1,0,0,0,5,32,0,5,0,0,11,0,0,0,0,0,0,0,1,0,0,0,1,0,0,0,3516533,2018,acs,56,43,0,5,Am. Chemical Society
/mnt/c/Users/m/projects/nas_crt/data/learned_societies/acs/acs-sanfran2017-program-book.txt,0,1,2,0,0,3,0,0,0,6,18,11,18,0,0,6,0,4,0,0,3,0,0,0,0,0,1,3,0,0,0,3999680,2017,acs,76,35,0,18,Am. Chemical Society
/mnt/c/Users/m/projects/nas_crt/data/learned_societies/acs/fall_2019_national_meeting_draft-technical-program.txt,0,0,0,0,0,4,0,0,0,2,15,2,0,0,0,12,0,13,0,0,0,0,0,0,0,0,0,3,1,0,0,1682190,2019,acs,52,29,0,0,Am. Chemical Society
/mnt/c/Users/m/projects/nas_crt/data/learned_societies/acs/fall-2018-program-book.txt,0,1,0,0,0,3,0,0,0,7,8,0,3,0,0,7,0,0,0,0,0,0,0,1,0,0,0,6,0,0,0,2808327,2018,acs,36,15,0,3,Am. Chemical Society
/mnt/c/Users/m/projects/nas_crt/data/learned_societies/acs/technical_program_draft-2019.txt,0,1,0,0,0,1,0,0,0,8,14,0,1,0,0,5,0,1,0,0,0,0,0,2,0,0,0,5,1,0,0,2304023,2019,acs,39,19,0,1,Am. Chemical Society
/mnt/c/Users/m/projects/nas_crt/data/learned_societies/ams/2008.txt,0,2,0,0,0,0,0,0,0,0,6,5,2,0,0,2,0,6,0,0,0,0,0,0,0,0,5,1,1,0,0,1028976,2008,ams,30,13,0,2,Am. Mathematical Society
/mnt/c/Users/m/projects/nas_crt/data/learned_societies/ams/2009.txt,0,0,0,0,0,3,0,0,0,0,11,3,2,0,0,3,0,2,0,0,1,0,0,0,0,0,1,2,0,0,0,1050171,2009,ams,28,17,0,2,Am. Mathematical Society
/mnt/c/Users/m/projects/nas_crt/data/learned_societies/ams/2010.txt,0,2,0,0,0,2,0,0,0,0,6,2,2,0,1,1,0,1,0,0,0,0,0,0,0,0,1,0,0,0,0,1135893,2010,ams,18,9,0,2,Am. Mathematical Society
/mnt/c/Users/m/projects/nas_crt/data/learned_societies/ams/2011.txt,0,2,0,0,0,2,0,0,0,0,4,0,3,0,0,3,0,8,0,0,1,0,0,1,0,0,8,1,0,0,0,1087307,2011,ams,33,7,0,3,Am. Mathematical Society
/mnt/c/Users/m/projects/nas_crt/data/learned_societies/ams/2012.txt,0,0,0,0,0,2,0,0,0,0,4,0,0,0,0,3,0,1,0,0,0,0,0,1,0,0,1,1,0,0,0,1018107,2012,ams,13,7,0,0,Am. Mathematical Society
/mnt/c/Users/m/projects/nas_crt/data/learned_societies/ams/2013.txt,0,0,0,0,0,1,0,0,0,0,4,0,1,0,0,1,0,0,0,0,1,0,0,0,0,0,0,0,0,0,0,981007,2013,ams,8,5,0,1,Am. Mathematical Society
/mnt/c/Users/m/projects/nas_crt/data/learned_societies/ams/2014.txt,0,0,0,0,0,2,0,0,0,1,2,0,1,0,0,0,0,0,0,0,1,0,0,0,0,0,0,3,0,0,0,892572,2014,ams,10,2,0,1,Am. Mathematical Society
/mnt/c/Users/m/projects/nas_crt/data/learned_societies/ams/2015.txt,0,0,0,0,0,1,0,0,0,0,4,1,1,0,0,1,0,1,0,0,0,0,0,0,0,0,1,1,0,0,0,979156,2015,ams,11,6,0,1,Am. Mathematical Society
/mnt/c/Users/m/projects/nas_crt/data/learned_societies/ams/2016.txt,0,1,0,0,0,0,0,0,0,0,0,1,4,0,0,0,0,2,0,0,0,0,0,0,0,0,2,0,0,0,0,952087,2016,ams,10,1,0,4,Am. Mathematical Society
/mnt/c/Users/m/projects/nas_crt/data/learned_societies/ams/2017.txt,0,0,0,0,0,2,0,0,0,1,4,0,1,0,0,1,0,3,0,0,1,0,0,0,0,0,1,1,0,0,0,790222,2017,ams,15,5,0,1,Am. Mathematical Society
/mnt/c/Users/m/projects/nas_crt/data/learned_societies/ams/2018.txt,0,0,0,0,0,0,0,0,0,0,1,0,3,0,0,1,0,2,0,0,0,0,0,0,0,0,2,0,0,0,0,779517,2018,ams,9,2,0,3,Am. Mathematical Society
/mnt/c/Users/m/projects/nas_crt/data/learned_societies/ams/2019.txt,0,0,0,0,0,2,0,0,0,0,2,1,1,0,0,0,0,0,0,0,0,0,0,0,0,0,0,1,0,0,0,789103,2019,ams,7,3,0,1,Am. Mathematical Society
/mnt/c/Users/m/projects/nas_crt/data/learned_societies/ams/2020.txt,0,1,0,0,0,1,0,0,0,1,3,2,1,0,0,0,0,0,0,0,0,0,0,0,0,0,0,0,0,0,0,735145,2020,ams,9,5,0,1,Am. Mathematical Society
/mnt/c/Users/m/projects/nas_crt/data/learned_societies/ams/2021.txt,0,0,0,0,0,1,0,0,0,0,2,1,0,0,0,2,0,0,0,0,0,0,0,0,0,0,0,0,1,0,0,82499,2021,ams,7,5,0,0,Am. Mathematical Society
/mnt/c/Users/m/projects/nas_crt/data/learned_societies/apa/APR2007.txt,0,0,0,0,0,0,0,0,0,20,1,1,3,0,0,0,0,0,0,0,0,0,0,1,0,0,0,0,0,0,0,1027930,2007,apa,26,2,0,3,Am. Physical Society
/mnt/c/Users/m/projects/nas_crt/data/learned_societies/apa/APR2008.txt,0,0,0,0,0,0,0,0,0,15,3,1,16,0,0,0,0,0,0,0,0,0,0,2,0,0,0,1,0,0,0,1329290,2008,apa,38,4,0,16,Am. Physical Society
/mnt/c/Users/m/projects/nas_crt/data/learned_societies/apa/APR2009.txt,0,0,0,0,0,0,0,0,0,13,1,0,9,0,0,0,0,0,0,0,0,0,1,0,0,0,0,2,0,0,0,1223197,2009,apa,26,1,0,9,Am. Physical Society
/mnt/c/Users/m/projects/nas_crt/data/learned_societies/apa/APR2010.txt,0,0,0,0,0,0,0,0,0,25,6,1,9,0,0,0,0,0,0,0,0,0,2,1,0,0,0,6,0,0,0,1246566,2010,apa,50,7,0,9,Am. Physical Society
/mnt/c/Users/m/projects/nas_crt/data/learned_societies/apa/APR2011.txt,0,0,0,0,0,0,0,0,0,9,4,1,8,0,0,0,0,0,0,0,0,0,0,1,0,0,0,4,0,0,0,973244,2011,apa,27,5,0,8,Am. Physical Society
/mnt/c/Users/m/projects/nas_crt/data/learned_societies/apa/APR2012.txt,0,0,0,0,0,0,0,0,0,8,5,0,6,0,0,0,0,0,0,0,0,0,0,1,0,0,0,0,0,0,0,1230542,2012,apa,20,5,0,6,Am. Physical Society
/mnt/c/Users/m/projects/nas_crt/data/learned_societies/apa/APR2013.txt,0,0,0,0,0,0,0,0,0,15,1,0,2,0,0,0,0,0,0,0,0,0,0,1,0,0,0,0,0,0,0,1167551,2013,apa,19,1,0,2,Am. Physical Society
/mnt/c/Users/m/projects/nas_crt/data/learned_societies/apa/APR2014.txt,0,0,0,0,0,0,0,0,0,10,5,0,4,0,0,0,0,0,0,0,0,0,0,1,0,0,0,0,0,0,0,1155939,2014,apa,20,5,0,4,Am. Physical Society
/mnt/c/Users/m/projects/nas_crt/data/learned_societies/apa/APR2015.txt,0,3,1,0,0,0,0,0,0,16,9,1,9,0,0,0,0,0,0,0,0,0,0,0,0,0,0,1,0,0,0,1391040,2015,apa,40,10,0,9,Am. Physical Society
/mnt/c/Users/m/projects/nas_crt/data/learned_societies/apa/APR2017.txt,0,1,0,0,0,0,0,0,0,16,9,1,27,0,0,0,0,0,0,0,0,0,0,2,2,0,0,1,1,0,0,1345812,2017,apa,60,10,2,27,Am. Physical Society
/mnt/c/Users/m/projects/nas_crt/data/learned_societies/apa/APR2018.txt,0,1,0,0,0,0,0,0,0,9,16,1,7,0,1,0,0,1,0,0,0,0,4,1,0,0,0,0,0,0,0,1490594,2018,apa,41,17,0,7,Am. Physical Society
/mnt/c/Users/m/projects/nas_crt/data/learned_societies/apa/APR2019.txt,0,3,0,0,0,0,0,0,0,27,11,3,1,0,0,0,0,2,0,0,0,0,0,1,0,0,1,2,0,0,0,1739440,2019,apa,51,14,0,1,Am. Physical Society
/mnt/c/Users/m/projects/nas_crt/data/learned_societies/apa/APR2020.txt,0,3,0,0,0,0,0,0,0,17,9,5,12,0,0,0,0,1,0,0,0,0,1,2,0,0,0,3,0,0,0,1760245,2020,apa,53,14,0,12,Am. Physical Society
/mnt/c/Users/m/projects/nas_crt/data/learned_societies/apa/APR2021.txt,0,1,0,0,0,0,0,0,0,26,10,3,7,0,0,0,0,1,0,0,0,2,1,6,3,0,0,4,0,0,0,2280892,2021,apa,64,13,3,7,Am. Physical Society
/mnt/c/Users/m/projects/nas_crt/data/learned_societies/apa/MAR2007.txt,0,1,0,0,0,0,0,0,0,6,14,0,8,0,0,0,0,0,0,0,0,0,0,0,0,0,0,1,0,0,0,8550783,2007,apa,30,14,0,8,Am. Physical Society
/mnt/c/Users/m/projects/nas_crt/data/learned_societies/apa/MAR2008.txt,0,0,0,0,0,0,0,0,0,10,14,2,3,0,0,0,0,0,0,0,0,0,0,3,0,0,0,2,0,0,0,8550573,2008,apa,34,16,0,3,Am. Physical Society
/mnt/c/Users/m/projects/nas_crt/data/learned_societies/apa/MAR2009.txt,0,0,0,0,0,0,0,0,0,3,15,0,1,0,0,0,0,1,0,0,2,0,1,0,0,0,0,0,0,0,0,8742333,2009,apa,23,15,0,1,Am. Physical Society
/mnt/c/Users/m/projects/nas_crt/data/learned_societies/apa/MAR2010.txt,0,0,1,0,0,0,0,0,0,11,22,2,12,0,0,0,0,0,0,0,0,0,0,4,0,0,0,8,0,0,0,9210572,2010,apa,60,24,0,12,Am. Physical Society
/mnt/c/Users/m/projects/nas_crt/data/learned_societies/apa/MAR2011.txt,0,0,0,0,0,0,0,0,0,5,21,0,2,0,0,0,0,0,0,0,0,0,0,3,0,0,0,3,0,0,0,9393990,2011,apa,34,21,0,2,Am. Physical Society
/mnt/c/Users/m/projects/nas_crt/data/learned_societies/apa/MAR2012.txt,0,0,2,0,0,0,0,1,0,12,24,0,3,0,0,0,0,2,0,0,0,0,0,0,0,0,0,5,0,0,0,11656961,2012,apa,49,24,0,3,Am. Physical Society
/mnt/c/Users/m/projects/nas_crt/data/learned_societies/apa/MAR2013.txt,0,0,1,0,0,0,0,0,0,8,19,0,6,0,0,0,0,1,0,0,2,0,1,6,0,0,0,9,0,0,0,11129207,2013,apa,53,19,0,6,Am. Physical Society
/mnt/c/Users/m/projects/nas_crt/data/learned_societies/apa/MAR2014.txt,0,0,0,0,0,0,0,0,0,7,40,0,5,0,0,0,0,2,0,0,0,0,0,3,0,0,1,2,0,0,0,11852980,2014,apa,60,40,0,5,Am. Physical Society
/mnt/c/Users/m/projects/nas_crt/data/learned_societies/apa/MAR2015.txt,0,2,1,0,0,0,0,0,0,11,19,0,12,0,0,0,0,1,0,0,0,0,1,2,0,0,0,5,0,0,0,11787146,2015,apa,54,19,0,12,Am. Physical Society
/mnt/c/Users/m/projects/nas_crt/data/learned_societies/apa/MAR2016.txt,0,0,0,0,0,0,0,0,0,9,64,0,10,0,0,0,0,0,0,0,0,0,0,0,0,0,0,2,0,0,0,12355385,2016,apa,85,64,0,10,Am. Physical Society
/mnt/c/Users/m/projects/nas_crt/data/learned_societies/apa/MAR2017.txt,0,1,0,0,0,0,0,0,0,11,49,0,2,0,0,0,0,3,0,0,0,0,0,3,0,0,0,6,0,0,0,12936601,2017,apa,75,49,0,2,Am. Physical Society
/mnt/c/Users/m/projects/nas_crt/data/learned_societies/apa/MAR2019.txt,0,0,0,0,0,0,0,0,0,15,81,2,5,0,0,0,0,0,0,0,0,0,1,4,1,0,0,6,1,0,0,15982521,2019,apa,116,83,1,5,Am. Physical Society
/mnt/c/Users/m/projects/nas_crt/data/learned_societies/apa/MAR2020.txt,0,1,0,0,0,0,0,0,0,19,60,2,9,0,0,0,0,0,0,0,0,0,2,7,0,0,0,8,0,0,0,15578406,2020,apa,108,62,0,9,Am. Physical Society
/mnt/c/Users/m/projects/nas_crt/data/learned_societies/apa/MAR2021.txt,0,0,1,0,0,0,0,0,0,10,58,7,13,0,0,0,0,0,0,0,0,0,2,9,0,0,0,9,0,0,0,15708831,2021,apa,109,65,0,13,Am. Physical Society
/mnt/c/Users/m/projects/nas_crt/data/learned_societies/asbmb/ASBMBToday-2002-04.txt,0,0,1,0,0,0,0,0,0,0,1,0,0,0,0,0,0,0,0,0,0,0,0,0,0,0,0,0,0,0,0,92236,2002,asbmb,2,1,0,0,"Am. Society for 
Biochemistry and Molecular Biology "
/mnt/c/Users/m/projects/nas_crt/data/learned_societies/asbmb/ASBMBToday-2002-05.txt,0,1,0,0,0,0,0,0,0,0,0,0,0,0,0,0,0,0,0,0,0,0,0,0,0,0,0,0,0,0,0,95867,2002,asbmb,1,0,0,0,"Am. Society for 
Biochemistry and Molecular Biology "
/mnt/c/Users/m/projects/nas_crt/data/learned_societies/asbmb/ASBMBToday-2002-06.txt,0,0,1,0,0,0,0,0,0,0,0,0,0,0,0,0,0,0,0,0,0,0,0,0,0,0,0,0,0,0,0,99537,2002,asbmb,1,0,0,0,"Am. Society for 
Biochemistry and Molecular Biology "
/mnt/c/Users/m/projects/nas_crt/data/learned_societies/asbmb/ASBMBToday-2002-07.txt,0,2,1,0,0,0,0,0,0,0,0,0,0,0,0,0,0,2,0,0,0,0,0,0,0,0,0,0,0,0,0,86215,2002,asbmb,5,0,0,0,"Am. Society for 
Biochemistry and Molecular Biology "
/mnt/c/Users/m/projects/nas_crt/data/learned_societies/asbmb/ASBMBToday-2002-08.txt,0,1,1,0,0,0,0,0,0,0,3,1,0,0,0,4,0,0,0,0,0,0,0,0,0,0,0,0,0,0,0,101116,2002,asbmb,10,8,0,0,"Am. Society for 
Biochemistry and Molecular Biology "
/mnt/c/Users/m/projects/nas_crt/data/learned_societies/asbmb/ASBMBToday-2002-09.txt,0,0,1,0,0,0,0,0,0,0,0,1,2,0,0,0,0,0,0,0,0,0,0,0,0,0,0,0,0,0,0,94048,2002,asbmb,4,1,0,2,"Am. Society for 
Biochemistry and Molecular Biology "
/mnt/c/Users/m/projects/nas_crt/data/learned_societies/asbmb/ASBMBToday-2002-10.txt,0,0,1,0,0,0,0,0,0,0,1,1,0,0,0,1,0,0,0,0,0,0,1,0,0,0,0,0,0,0,0,100673,2002,asbmb,5,3,0,0,"Am. Society for 
Biochemistry and Molecular Biology "
/mnt/c/Users/m/projects/nas_crt/data/learned_societies/asbmb/ASBMBToday-2002-11.txt,0,0,1,0,0,0,0,0,0,0,0,0,0,0,0,1,0,0,0,0,0,0,0,0,0,0,0,0,0,0,0,100043,2002,asbmb,2,1,0,0,"Am. Society for 
Biochemistry and Molecular Biology "
/mnt/c/Users/m/projects/nas_crt/data/learned_societies/asbmb/ASBMBToday-2002-12.txt,0,1,1,0,0,0,0,0,0,0,0,0,0,0,0,0,0,1,0,0,0,0,0,0,0,0,0,0,0,0,0,102371,2002,asbmb,3,0,0,0,"Am. Society for 
Biochemistry and Molecular Biology "
/mnt/c/Users/m/projects/nas_crt/data/learned_societies/asbmb/ASBMBToday-2003-01.txt,0,1,3,0,0,1,0,0,0,0,2,2,0,0,0,0,0,0,0,0,0,0,0,1,0,0,0,0,0,0,0,121980,2003,asbmb,10,4,0,0,"Am. Society for 
Biochemistry and Molecular Biology "
/mnt/c/Users/m/projects/nas_crt/data/learned_societies/asbmb/ASBMBToday-2003-02.txt,0,0,0,0,0,0,0,0,0,0,3,0,0,0,0,0,0,0,0,0,0,0,0,0,0,0,0,0,0,0,0,94244,2003,asbmb,3,3,0,0,"Am. Society for 
Biochemistry and Molecular Biology "
/mnt/c/Users/m/projects/nas_crt/data/learned_societies/asbmb/ASBMBToday-2003-03.txt,0,1,0,0,0,0,0,0,0,0,1,0,0,0,0,0,0,0,0,0,0,0,0,0,0,0,0,0,0,0,0,99877,2003,asbmb,2,1,0,0,"Am. Society for 
Biochemistry and Molecular Biology "
/mnt/c/Users/m/projects/nas_crt/data/learned_societies/asbmb/ASBMBToday-2003-04.txt,0,0,0,0,0,0,0,0,0,0,0,0,0,0,0,0,0,0,0,0,0,0,0,0,0,0,0,0,0,0,0,114066,2003,asbmb,0,0,0,0,"Am. Society for 
Biochemistry and Molecular Biology "
/mnt/c/Users/m/projects/nas_crt/data/learned_societies/asbmb/ASBMBToday-2003-05.txt,0,0,0,0,0,0,0,0,0,0,0,0,0,0,0,0,0,0,0,0,0,0,0,0,0,0,0,0,0,0,0,81100,2003,asbmb,0,0,0,0,"Am. Society for 
Biochemistry and Molecular Biology "
/mnt/c/Users/m/projects/nas_crt/data/learned_societies/asbmb/ASBMBToday-2003-06.txt,0,1,0,0,0,0,0,0,0,0,2,0,0,0,0,0,0,0,0,0,0,0,0,0,0,0,0,0,0,0,0,96613,2003,asbmb,3,2,0,0,"Am. Society for 
Biochemistry and Molecular Biology "
/mnt/c/Users/m/projects/nas_crt/data/learned_societies/asbmb/ASBMBToday-2003-07.txt,0,1,1,0,0,0,0,0,0,0,0,0,0,0,0,1,0,0,0,0,0,0,0,0,0,0,0,0,0,0,0,84596,2003,asbmb,3,1,0,0,"Am. Society for 
Biochemistry and Molecular Biology "
/mnt/c/Users/m/projects/nas_crt/data/learned_societies/asbmb/ASBMBToday-2003-08.txt,0,2,1,0,0,0,0,0,0,1,1,0,1,0,0,1,0,0,0,0,0,0,0,0,0,0,0,1,0,0,0,98791,2003,asbmb,8,2,0,1,"Am. Society for 
Biochemistry and Molecular Biology "
/mnt/c/Users/m/projects/nas_crt/data/learned_societies/asbmb/ASBMBToday-2003-09.txt,0,0,1,0,0,0,0,0,0,0,0,0,0,0,0,0,0,0,0,0,0,0,0,0,0,0,0,0,0,0,0,94699,2003,asbmb,1,0,0,0,"Am. Society for 
Biochemistry and Molecular Biology "
/mnt/c/Users/m/projects/nas_crt/data/learned_societies/asbmb/ASBMBToday-2003-10.txt,0,2,1,0,0,0,0,0,0,0,0,0,0,0,0,0,0,0,0,0,0,0,0,0,0,0,0,0,0,0,0,79162,2003,asbmb,3,0,0,0,"Am. Society for 
Biochemistry and Molecular Biology "
/mnt/c/Users/m/projects/nas_crt/data/learned_societies/asbmb/ASBMBToday-2003-11.txt,0,3,2,0,0,0,0,0,0,0,0,0,0,0,0,0,0,0,0,0,0,0,0,0,0,0,0,0,0,0,0,107286,2003,asbmb,5,0,0,0,"Am. Society for 
Biochemistry and Molecular Biology "
/mnt/c/Users/m/projects/nas_crt/data/learned_societies/asbmb/ASBMBToday-2003-12.txt,0,0,1,0,0,0,0,0,0,0,0,0,1,0,0,1,0,0,0,0,0,0,0,0,0,0,0,0,0,0,0,97665,2003,asbmb,3,1,0,1,"Am. Society for 
Biochemistry and Molecular Biology "
/mnt/c/Users/m/projects/nas_crt/data/learned_societies/asbmb/ASBMBToday-2004-01.txt,0,0,0,0,0,0,0,0,0,0,2,0,0,0,0,0,0,0,0,0,0,0,0,0,0,0,0,1,0,0,0,96409,2004,asbmb,3,2,0,0,"Am. Society for 
Biochemistry and Molecular Biology "
/mnt/c/Users/m/projects/nas_crt/data/learned_societies/asbmb/ASBMBToday-2004-02.txt,0,5,0,0,0,1,0,0,0,0,0,0,1,0,0,0,0,0,0,0,0,0,0,0,0,0,0,1,0,0,0,93182,2004,asbmb,8,0,0,1,"Am. Society for 
Biochemistry and Molecular Biology "
/mnt/c/Users/m/projects/nas_crt/data/learned_societies/asbmb/ASBMBToday-2004-03.txt,0,0,2,0,0,0,0,0,0,0,0,0,0,0,0,0,0,0,0,0,0,0,0,0,0,0,0,0,0,0,0,87059,2004,asbmb,2,0,0,0,"Am. Society for 
Biochemistry and Molecular Biology "
/mnt/c/Users/m/projects/nas_crt/data/learned_societies/asbmb/ASBMBToday-2004-04.txt,0,0,0,0,0,0,0,0,0,0,2,0,0,0,0,0,0,0,0,0,0,0,0,1,0,0,0,0,0,0,0,85811,2004,asbmb,3,2,0,0,"Am. Society for 
Biochemistry and Molecular Biology "
/mnt/c/Users/m/projects/nas_crt/data/learned_societies/asbmb/ASBMBToday-2004-05.txt,0,0,2,0,0,0,0,0,0,0,0,0,0,0,0,0,0,0,0,0,0,0,0,0,0,0,0,0,0,0,0,95059,2004,asbmb,2,0,0,0,"Am. Society for 
Biochemistry and Molecular Biology "
/mnt/c/Users/m/projects/nas_crt/data/learned_societies/asbmb/ASBMBToday-2004-06.txt,0,0,1,0,0,0,0,0,0,0,1,0,0,0,0,0,0,0,0,0,1,0,0,1,0,0,0,0,0,0,0,100550,2004,asbmb,4,1,0,0,"Am. Society for 
Biochemistry and Molecular Biology "
/mnt/c/Users/m/projects/nas_crt/data/learned_societies/asbmb/ASBMBToday-2004-07.txt,0,1,0,0,0,0,0,0,0,0,1,1,0,0,0,0,0,0,0,0,1,0,0,0,0,0,0,0,0,0,0,92628,2004,asbmb,4,2,0,0,"Am. Society for 
Biochemistry and Molecular Biology "
/mnt/c/Users/m/projects/nas_crt/data/learned_societies/asbmb/ASBMBToday-2004-08.txt,0,1,0,0,0,0,0,0,0,0,0,1,0,0,0,0,0,1,0,0,0,0,0,2,0,0,0,0,0,0,0,111492,2004,asbmb,5,1,0,0,"Am. Society for 
Biochemistry and Molecular Biology "
/mnt/c/Users/m/projects/nas_crt/data/learned_societies/asbmb/ASBMBToday-2004-09.txt,0,2,1,0,0,0,0,0,0,0,2,0,0,0,0,1,0,0,0,0,0,0,0,0,0,0,0,0,0,0,0,92936,2004,asbmb,6,3,0,0,"Am. Society for 
Biochemistry and Molecular Biology "
/mnt/c/Users/m/projects/nas_crt/data/learned_societies/asbmb/ASBMBToday-2004-10.txt,0,0,1,0,0,0,0,0,0,0,0,0,0,0,0,0,0,0,0,0,0,0,0,0,0,0,0,0,0,0,0,106962,2004,asbmb,1,0,0,0,"Am. Society for 
Biochemistry and Molecular Biology "
/mnt/c/Users/m/projects/nas_crt/data/learned_societies/asbmb/ASBMBToday-2004-11.txt,0,0,1,0,0,0,0,0,0,0,7,0,0,0,0,0,0,0,0,0,0,0,0,0,0,0,0,0,0,0,0,103394,2004,asbmb,8,7,0,0,"Am. Society for 
Biochemistry and Molecular Biology "
/mnt/c/Users/m/projects/nas_crt/data/learned_societies/asbmb/ASBMBToday-2004-12.txt,0,0,0,0,0,0,0,0,0,0,2,0,0,0,0,0,0,0,0,0,0,0,0,0,0,0,0,0,0,0,0,107207,2004,asbmb,2,2,0,0,"Am. Society for 
Biochemistry and Molecular Biology "
/mnt/c/Users/m/projects/nas_crt/data/learned_societies/asbmb/ASBMBToday-2005-01.txt,0,0,1,0,0,0,0,0,0,0,0,0,0,0,0,0,0,0,0,0,0,0,0,1,0,0,0,0,0,0,0,95460,2005,asbmb,2,0,0,0,"Am. Society for 
Biochemistry and Molecular Biology "
/mnt/c/Users/m/projects/nas_crt/data/learned_societies/asbmb/ASBMBToday-2005-02.txt,0,0,0,0,0,0,0,0,0,0,0,0,0,0,0,0,0,0,0,0,0,0,0,0,0,0,0,0,0,0,0,104336,2005,asbmb,0,0,0,0,"Am. Society for 
Biochemistry and Molecular Biology "
/mnt/c/Users/m/projects/nas_crt/data/learned_societies/asbmb/ASBMBToday-2005-03.txt,0,2,1,0,0,0,0,0,0,1,0,0,0,0,0,0,0,0,0,0,0,0,0,0,0,0,0,0,0,0,0,93274,2005,asbmb,4,0,0,0,"Am. Society for 
Biochemistry and Molecular Biology "
/mnt/c/Users/m/projects/nas_crt/data/learned_societies/asbmb/ASBMBToday-2005-04.txt,0,0,2,0,0,0,0,0,0,0,0,0,0,0,0,0,0,0,0,0,0,0,0,0,0,0,0,0,0,0,0,106918,2005,asbmb,2,0,0,0,"Am. Society for 
Biochemistry and Molecular Biology "
/mnt/c/Users/m/projects/nas_crt/data/learned_societies/asbmb/ASBMBToday-2005-05.txt,0,0,0,0,0,0,0,0,0,0,0,0,0,0,0,0,0,0,0,0,0,0,0,0,0,0,0,0,0,0,0,81659,2005,asbmb,0,0,0,0,"Am. Society for 
Biochemistry and Molecular Biology "
/mnt/c/Users/m/projects/nas_crt/data/learned_societies/asbmb/ASBMBToday-2005-06.txt,0,1,1,0,0,0,0,0,0,0,0,0,0,0,0,1,0,0,0,0,0,0,1,0,0,0,0,1,0,0,0,105214,2005,asbmb,5,1,0,0,"Am. Society for 
Biochemistry and Molecular Biology "
/mnt/c/Users/m/projects/nas_crt/data/learned_societies/asbmb/ASBMBToday-2005-07.txt,0,0,2,0,0,0,0,0,0,0,2,1,0,0,0,0,0,0,0,0,0,0,0,0,0,0,0,0,0,0,0,95424,2005,asbmb,5,3,0,0,"Am. Society for 
Biochemistry and Molecular Biology "
/mnt/c/Users/m/projects/nas_crt/data/learned_societies/asbmb/ASBMBToday-2005-08.txt,0,0,0,0,0,0,0,0,0,0,0,0,0,0,0,0,0,1,0,0,0,0,0,0,0,0,0,2,0,0,0,121436,2005,asbmb,3,0,0,0,"Am. Society for 
Biochemistry and Molecular Biology "
/mnt/c/Users/m/projects/nas_crt/data/learned_societies/asbmb/ASBMBToday-2005-09.txt,0,0,1,0,0,0,0,0,0,0,2,0,0,0,0,0,0,0,0,0,0,0,0,0,0,0,0,0,0,0,0,108316,2005,asbmb,3,2,0,0,"Am. Society for 
Biochemistry and Molecular Biology "
/mnt/c/Users/m/projects/nas_crt/data/learned_societies/asbmb/ASBMBToday-2005-10.txt,0,1,0,0,0,2,0,0,0,1,3,0,0,0,0,0,0,1,0,0,0,0,0,0,0,0,0,0,0,0,0,133671,2005,asbmb,8,3,0,0,"Am. Society for 
Biochemistry and Molecular Biology "
/mnt/c/Users/m/projects/nas_crt/data/learned_societies/asbmb/ASBMBToday-2005-11.txt,0,0,3,0,0,0,0,0,0,0,1,0,0,0,0,0,0,0,0,0,0,0,0,2,0,0,0,0,0,0,0,121028,2005,asbmb,6,1,0,0,"Am. Society for 
Biochemistry and Molecular Biology "
/mnt/c/Users/m/projects/nas_crt/data/learned_societies/asbmb/ASBMBToday-2005-12.txt,0,0,1,0,0,0,0,0,0,0,1,1,0,0,0,0,0,0,0,0,0,0,0,0,0,0,0,0,0,0,0,120090,2005,asbmb,3,2,0,0,"Am. Society for 
Biochemistry and Molecular Biology "
/mnt/c/Users/m/projects/nas_crt/data/learned_societies/asbmb/ASBMBToday-2006-01.txt,0,0,0,0,0,0,0,0,0,0,2,0,0,0,0,0,0,0,0,0,0,0,0,0,0,0,0,0,0,0,0,99551,2006,asbmb,2,2,0,0,"Am. Society for 
Biochemistry and Molecular Biology "
/mnt/c/Users/m/projects/nas_crt/data/learned_societies/asbmb/ASBMBToday-2006-02.txt,0,1,1,0,0,0,0,0,0,1,2,0,0,0,0,0,0,4,0,0,1,0,0,1,0,0,0,0,0,0,0,104133,2006,asbmb,11,2,0,0,"Am. Society for 
Biochemistry and Molecular Biology "
/mnt/c/Users/m/projects/nas_crt/data/learned_societies/asbmb/ASBMBToday-2006-03.txt,0,4,0,0,0,0,0,0,0,0,1,0,0,0,0,0,0,0,0,0,0,0,0,0,0,0,0,0,0,0,0,112200,2006,asbmb,5,1,0,0,"Am. Society for 
Biochemistry and Molecular Biology "
/mnt/c/Users/m/projects/nas_crt/data/learned_societies/asbmb/ASBMBToday-2006-04.txt,0,0,0,0,0,0,0,0,0,0,3,2,0,0,0,1,0,0,0,0,0,0,1,0,0,0,0,0,0,0,0,91134,2006,asbmb,7,6,0,0,"Am. Society for 
Biochemistry and Molecular Biology "
/mnt/c/Users/m/projects/nas_crt/data/learned_societies/asbmb/ASBMBToday-2006-05.txt,0,2,0,0,0,2,0,0,0,3,1,0,2,0,0,0,0,0,0,0,0,0,0,0,0,0,0,0,0,0,0,97163,2006,asbmb,10,1,0,2,"Am. Society for 
Biochemistry and Molecular Biology "
/mnt/c/Users/m/projects/nas_crt/data/learned_societies/asbmb/ASBMBToday-2006-06.txt,0,0,2,0,0,0,0,0,0,0,0,0,0,0,0,0,0,0,0,0,0,0,0,0,0,0,0,0,0,0,0,84975,2006,asbmb,2,0,0,0,"Am. Society for 
Biochemistry and Molecular Biology "
/mnt/c/Users/m/projects/nas_crt/data/learned_societies/asbmb/ASBMBToday-2006-07.txt,0,0,0,0,0,0,0,0,0,0,0,0,0,0,0,0,0,1,0,0,0,0,0,0,0,0,0,0,0,0,0,113363,2006,asbmb,1,0,0,0,"Am. Society for 
Biochemistry and Molecular Biology "
/mnt/c/Users/m/projects/nas_crt/data/learned_societies/asbmb/ASBMBToday-2006-08.txt,0,4,3,0,0,0,0,0,0,0,1,0,0,0,0,0,0,0,0,0,0,0,0,0,0,0,0,0,0,0,0,127088,2006,asbmb,8,1,0,0,"Am. Society for 
Biochemistry and Molecular Biology "
/mnt/c/Users/m/projects/nas_crt/data/learned_societies/asbmb/ASBMBToday-2006-09.txt,0,4,2,0,0,0,0,0,0,1,3,0,0,0,0,0,0,0,0,0,0,0,0,0,0,0,0,0,0,0,0,135089,2006,asbmb,10,3,0,0,"Am. Society for 
Biochemistry and Molecular Biology "
/mnt/c/Users/m/projects/nas_crt/data/learned_societies/asbmb/ASBMBToday-2006-10.txt,0,5,0,0,0,0,0,0,0,0,1,0,0,0,0,0,0,0,0,0,0,0,0,0,0,0,0,0,0,0,0,145243,2006,asbmb,6,1,0,0,"Am. Society for 
Biochemistry and Molecular Biology "
/mnt/c/Users/m/projects/nas_crt/data/learned_societies/asbmb/ASBMBToday-2006-11.txt,0,0,1,0,0,0,0,0,0,0,0,0,1,0,0,0,0,0,0,0,0,0,0,0,0,0,0,0,0,0,0,136086,2006,asbmb,2,0,0,1,"Am. Society for 
Biochemistry and Molecular Biology "
/mnt/c/Users/m/projects/nas_crt/data/learned_societies/asbmb/ASBMBToday-2006-12.txt,0,0,0,0,0,0,0,0,0,1,2,0,3,0,0,0,0,0,0,0,0,0,0,1,0,0,0,0,0,0,0,138009,2006,asbmb,7,2,0,3,"Am. Society for 
Biochemistry and Molecular Biology "
/mnt/c/Users/m/projects/nas_crt/data/learned_societies/asbmb/ASBMBToday-2007-01.txt,0,4,0,0,0,0,0,0,0,0,2,0,0,0,0,0,0,0,0,0,0,0,0,0,0,0,0,0,0,0,0,113738,2007,asbmb,6,2,0,0,"Am. Society for 
Biochemistry and Molecular Biology "
/mnt/c/Users/m/projects/nas_crt/data/learned_societies/asbmb/ASBMBToday-2007-02.txt,0,3,2,0,0,0,0,0,0,3,3,0,0,0,0,0,0,0,0,0,0,0,0,0,0,0,0,0,0,0,0,124108,2007,asbmb,11,3,0,0,"Am. Society for 
Biochemistry and Molecular Biology "
/mnt/c/Users/m/projects/nas_crt/data/learned_societies/asbmb/ASBMBToday-2007-03.txt,0,5,0,0,0,1,0,0,0,1,1,0,0,0,0,0,0,0,0,0,0,0,0,0,0,0,0,0,0,0,0,108847,2007,asbmb,8,1,0,0,"Am. Society for 
Biochemistry and Molecular Biology "
/mnt/c/Users/m/projects/nas_crt/data/learned_societies/asbmb/ASBMBToday-2007-04.txt,0,3,3,0,0,0,0,0,0,0,0,0,0,0,0,0,0,0,0,0,0,0,0,0,0,0,0,0,0,0,0,112264,2007,asbmb,6,0,0,0,"Am. Society for 
Biochemistry and Molecular Biology "
/mnt/c/Users/m/projects/nas_crt/data/learned_societies/asbmb/ASBMBToday-2007-05.txt,0,2,0,0,0,0,0,0,0,0,1,1,0,0,0,0,0,0,0,0,0,0,0,0,0,0,0,0,0,0,0,98247,2007,asbmb,4,2,0,0,"Am. Society for 
Biochemistry and Molecular Biology "
/mnt/c/Users/m/projects/nas_crt/data/learned_societies/asbmb/ASBMBToday-2007-06.txt,0,3,0,0,0,0,0,0,0,0,1,0,0,0,0,0,0,0,0,0,0,0,1,0,0,0,0,0,0,0,0,94135,2007,asbmb,5,1,0,0,"Am. Society for 
Biochemistry and Molecular Biology "
/mnt/c/Users/m/projects/nas_crt/data/learned_societies/asbmb/ASBMBToday-2007-07.txt,0,4,0,0,0,0,0,1,0,0,4,0,0,0,0,2,0,0,0,0,0,0,0,1,0,0,0,0,0,0,0,136853,2007,asbmb,12,6,0,0,"Am. Society for 
Biochemistry and Molecular Biology "
/mnt/c/Users/m/projects/nas_crt/data/learned_societies/asbmb/ASBMBToday-2007-08.txt,0,1,0,0,0,0,0,0,0,0,4,0,0,0,0,0,0,0,0,0,0,0,0,0,0,0,0,0,0,0,0,119289,2007,asbmb,5,4,0,0,"Am. Society for 
Biochemistry and Molecular Biology "
/mnt/c/Users/m/projects/nas_crt/data/learned_societies/asbmb/ASBMBToday-2007-09.txt,0,0,0,0,0,0,0,0,0,0,2,0,0,0,0,0,0,1,0,0,0,0,0,0,0,0,0,1,0,0,0,138689,2007,asbmb,4,2,0,0,"Am. Society for 
Biochemistry and Molecular Biology "
/mnt/c/Users/m/projects/nas_crt/data/learned_societies/asbmb/ASBMBToday-2007-10.txt,0,1,1,0,0,0,0,0,0,0,0,1,1,0,0,0,0,0,0,0,0,0,0,1,0,0,0,0,0,0,0,140214,2007,asbmb,5,1,0,1,"Am. Society for 
Biochemistry and Molecular Biology "
/mnt/c/Users/m/projects/nas_crt/data/learned_societies/asbmb/ASBMBToday-2007-11.txt,0,2,0,0,0,0,0,0,0,0,1,0,2,0,0,1,0,0,0,0,0,0,1,0,0,0,0,0,0,0,0,125254,2007,asbmb,7,2,0,2,"Am. Society for 
Biochemistry and Molecular Biology "
/mnt/c/Users/m/projects/nas_crt/data/learned_societies/asbmb/ASBMBToday-2007-12.txt,0,7,2,0,0,6,0,0,0,0,2,0,6,0,0,1,0,0,0,0,0,0,0,0,0,1,0,0,0,0,0,134754,2007,asbmb,25,3,0,6,"Am. Society for 
Biochemistry and Molecular Biology "
/mnt/c/Users/m/projects/nas_crt/data/learned_societies/asbmb/ASBMBToday-2008-01.txt,0,0,0,0,0,1,0,0,0,0,2,1,0,0,0,0,0,2,0,0,1,0,0,0,0,0,0,1,0,0,0,144527,2008,asbmb,8,3,0,0,"Am. Society for 
Biochemistry and Molecular Biology "
/mnt/c/Users/m/projects/nas_crt/data/learned_societies/asbmb/ASBMBToday-2008-02.txt,0,5,0,0,0,1,0,0,0,0,11,1,0,0,0,2,0,0,0,0,0,0,1,0,0,0,0,0,0,0,0,151137,2008,asbmb,21,14,0,0,"Am. Society for 
Biochemistry and Molecular Biology "
/mnt/c/Users/m/projects/nas_crt/data/learned_societies/asbmb/ASBMBToday-2008-03.txt,0,4,1,0,0,0,0,0,0,0,7,0,0,0,0,0,0,0,0,0,0,0,0,0,0,0,0,0,0,0,0,147809,2008,asbmb,12,7,0,0,"Am. Society for 
Biochemistry and Molecular Biology "
/mnt/c/Users/m/projects/nas_crt/data/learned_societies/asbmb/ASBMBToday-2008-04.txt,0,0,0,0,0,0,0,0,0,0,1,1,0,0,0,0,0,0,0,0,0,0,0,0,0,0,0,0,0,0,0,134601,2008,asbmb,2,2,0,0,"Am. Society for 
Biochemistry and Molecular Biology "
/mnt/c/Users/m/projects/nas_crt/data/learned_societies/asbmb/ASBMBToday-2008-05.txt,0,4,4,0,0,0,0,0,0,2,9,1,0,0,0,2,0,1,0,0,1,0,0,0,0,0,1,1,0,0,0,133840,2008,asbmb,26,12,0,0,"Am. Society for 
Biochemistry and Molecular Biology "
/mnt/c/Users/m/projects/nas_crt/data/learned_societies/asbmb/ASBMBToday-2008-06.txt,0,6,1,0,0,0,0,0,0,0,2,1,2,0,0,0,0,0,0,0,0,0,0,0,0,0,0,0,0,0,0,136767,2008,asbmb,12,3,0,2,"Am. Society for 
Biochemistry and Molecular Biology "
/mnt/c/Users/m/projects/nas_crt/data/learned_societies/asbmb/ASBMBToday-2008-07.txt,0,0,2,0,0,6,0,0,0,0,3,1,9,0,0,0,0,1,0,0,0,0,5,0,0,0,0,0,0,0,0,139500,2008,asbmb,27,4,0,9,"Am. Society for 
Biochemistry and Molecular Biology "
/mnt/c/Users/m/projects/nas_crt/data/learned_societies/asbmb/ASBMBToday-2008-08.txt,0,3,0,0,0,0,0,0,0,4,4,0,0,0,0,0,0,0,0,0,0,0,0,0,0,0,0,0,0,0,0,134380,2008,asbmb,11,4,0,0,"Am. Society for 
Biochemistry and Molecular Biology "
/mnt/c/Users/m/projects/nas_crt/data/learned_societies/asbmb/ASBMBToday-2008-09.txt,0,0,2,0,0,0,0,0,0,0,2,0,0,0,0,2,0,0,0,0,0,0,0,0,0,0,0,0,0,0,0,148275,2008,asbmb,6,4,0,0,"Am. Society for 
Biochemistry and Molecular Biology "
/mnt/c/Users/m/projects/nas_crt/data/learned_societies/asbmb/ASBMBToday-2008-10.txt,0,1,0,0,0,1,0,0,0,1,2,0,6,0,0,1,0,1,0,0,0,1,0,1,0,0,1,0,0,0,0,144867,2008,asbmb,16,3,0,6,"Am. Society for 
Biochemistry and Molecular Biology "
/mnt/c/Users/m/projects/nas_crt/data/learned_societies/asbmb/ASBMBToday-2008-11.txt,0,7,0,0,0,1,0,0,0,0,0,1,0,0,0,0,0,0,0,0,1,0,0,0,0,0,0,0,0,0,0,151188,2008,asbmb,10,1,0,0,"Am. Society for 
Biochemistry and Molecular Biology "
/mnt/c/Users/m/projects/nas_crt/data/learned_societies/asbmb/ASBMBToday-2008-12.txt,0,4,1,0,0,3,0,0,0,0,6,0,4,0,0,0,0,2,0,0,0,0,0,1,0,0,0,0,0,0,0,146019,2008,asbmb,21,6,0,4,"Am. Society for 
Biochemistry and Molecular Biology "
/mnt/c/Users/m/projects/nas_crt/data/learned_societies/asbmb/ASBMBToday-2009-01.txt,0,9,1,0,0,0,0,0,0,0,4,0,0,0,0,1,0,0,0,0,0,0,0,0,0,0,0,0,0,0,0,168982,2009,asbmb,15,5,0,0,"Am. Society for 
Biochemistry and Molecular Biology "
/mnt/c/Users/m/projects/nas_crt/data/learned_societies/asbmb/ASBMBToday-2009-02.txt,0,5,1,0,0,17,0,0,0,3,5,0,4,0,1,3,0,0,0,0,0,0,0,1,0,0,0,0,0,0,0,147004,2009,asbmb,40,8,0,4,"Am. Society for 
Biochemistry and Molecular Biology "
/mnt/c/Users/m/projects/nas_crt/data/learned_societies/asbmb/ASBMBToday-2009-03.txt,0,1,0,0,0,0,0,0,0,0,2,0,2,0,0,1,0,0,0,0,0,0,1,0,0,0,0,0,0,0,0,148118,2009,asbmb,7,3,0,2,"Am. Society for 
Biochemistry and Molecular Biology "
/mnt/c/Users/m/projects/nas_crt/data/learned_societies/asbmb/ASBMBToday-2009-04.txt,0,1,0,0,0,3,0,0,0,1,4,0,5,0,0,1,0,0,0,0,0,0,0,7,0,0,0,2,0,0,0,151650,2009,asbmb,24,5,0,5,"Am. Society for 
Biochemistry and Molecular Biology "
/mnt/c/Users/m/projects/nas_crt/data/learned_societies/asbmb/ASBMBToday-2009-05.txt,0,5,3,0,0,3,0,0,0,0,0,1,3,0,0,0,0,0,0,0,0,0,0,0,0,0,0,0,0,0,0,130315,2009,asbmb,15,1,0,3,"Am. Society for 
Biochemistry and Molecular Biology "
/mnt/c/Users/m/projects/nas_crt/data/learned_societies/asbmb/ASBMBToday-2009-06.txt,0,3,0,0,0,0,0,0,0,0,6,0,0,0,0,0,0,0,0,0,0,0,3,1,1,0,0,0,0,0,0,145111,2009,asbmb,14,6,1,0,"Am. Society for 
Biochemistry and Molecular Biology "
/mnt/c/Users/m/projects/nas_crt/data/learned_societies/asbmb/ASBMBToday-2009-07.txt,0,1,0,0,0,0,0,0,0,0,4,1,0,0,0,0,0,0,0,0,0,0,0,0,0,0,0,0,0,0,0,152956,2009,asbmb,6,5,0,0,"Am. Society for 
Biochemistry and Molecular Biology "
/mnt/c/Users/m/projects/nas_crt/data/learned_societies/asbmb/ASBMBToday-2009-08.txt,0,9,2,0,0,0,0,0,0,0,0,0,0,0,0,0,0,0,0,0,0,0,0,2,0,0,0,0,0,0,0,150621,2009,asbmb,13,0,0,0,"Am. Society for 
Biochemistry and Molecular Biology "
/mnt/c/Users/m/projects/nas_crt/data/learned_societies/asbmb/ASBMBToday-2009-09.txt,0,3,0,0,0,1,0,0,0,0,3,0,3,0,0,0,0,0,0,0,0,0,2,0,0,0,0,0,0,0,0,174330,2009,asbmb,12,3,0,3,"Am. Society for 
Biochemistry and Molecular Biology "
/mnt/c/Users/m/projects/nas_crt/data/learned_societies/asbmb/ASBMBToday-2009-10.txt,0,0,0,0,0,0,0,0,0,0,2,0,1,0,0,0,0,0,0,0,1,0,0,0,0,0,0,0,0,0,0,158587,2009,asbmb,4,2,0,1,"Am. Society for 
Biochemistry and Molecular Biology "
/mnt/c/Users/m/projects/nas_crt/data/learned_societies/asbmb/ASBMBToday-2009-11.txt,0,8,3,0,0,1,0,0,0,0,5,0,2,0,0,0,0,0,0,0,0,0,1,1,0,0,0,0,0,0,0,150509,2009,asbmb,21,5,0,2,"Am. Society for 
Biochemistry and Molecular Biology "
/mnt/c/Users/m/projects/nas_crt/data/learned_societies/asbmb/ASBMBToday-2009-12.txt,0,8,1,0,0,1,0,0,0,0,2,0,0,0,0,0,0,0,0,0,4,0,0,0,0,0,0,0,0,0,0,157677,2009,asbmb,16,2,0,0,"Am. Society for 
Biochemistry and Molecular Biology "
/mnt/c/Users/m/projects/nas_crt/data/learned_societies/asbmb/ASBMBToday-2010-01.txt,0,1,1,0,0,0,0,0,0,0,19,0,0,0,0,0,0,0,0,0,0,0,0,0,0,0,0,0,0,0,0,143068,2010,asbmb,21,19,0,0,"Am. Society for 
Biochemistry and Molecular Biology "
/mnt/c/Users/m/projects/nas_crt/data/learned_societies/asbmb/ASBMBToday-2010-02.txt,0,4,0,0,0,0,0,0,0,0,0,0,0,0,0,0,0,0,0,0,0,0,1,1,0,0,0,0,0,0,0,150489,2010,asbmb,6,0,0,0,"Am. Society for 
Biochemistry and Molecular Biology "
/mnt/c/Users/m/projects/nas_crt/data/learned_societies/asbmb/ASBMBToday-2010-03.txt,0,0,2,0,0,0,0,0,0,0,1,0,1,0,0,1,0,2,0,0,0,0,1,0,0,0,0,0,0,0,0,135806,2010,asbmb,8,2,0,1,"Am. Society for 
Biochemistry and Molecular Biology "
/mnt/c/Users/m/projects/nas_crt/data/learned_societies/asbmb/ASBMBToday-2010-04.txt,0,0,2,0,0,0,0,0,0,0,3,0,0,0,0,0,0,1,0,0,0,0,0,0,0,0,0,0,0,0,0,142855,2010,asbmb,6,3,0,0,"Am. Society for 
Biochemistry and Molecular Biology "
/mnt/c/Users/m/projects/nas_crt/data/learned_societies/asbmb/ASBMBToday-2010-05.txt,0,4,0,0,0,0,0,0,0,0,4,0,0,0,0,0,0,0,0,0,0,0,0,0,0,0,0,1,0,0,0,120106,2010,asbmb,9,4,0,0,"Am. Society for 
Biochemistry and Molecular Biology "
/mnt/c/Users/m/projects/nas_crt/data/learned_societies/asbmb/ASBMBToday-2010-06.txt,0,2,0,0,0,0,0,0,0,0,1,0,0,0,0,0,0,0,0,0,0,0,0,1,0,0,0,2,0,0,0,133355,2010,asbmb,6,1,0,0,"Am. Society for 
Biochemistry and Molecular Biology "
/mnt/c/Users/m/projects/nas_crt/data/learned_societies/asbmb/ASBMBToday-2010-07.txt,0,1,1,0,0,0,0,0,0,0,3,0,0,0,0,0,0,0,0,0,0,0,2,0,0,0,0,0,0,0,0,150959,2010,asbmb,7,3,0,0,"Am. Society for 
Biochemistry and Molecular Biology "
/mnt/c/Users/m/projects/nas_crt/data/learned_societies/asbmb/ASBMBToday-2010-08.txt,0,0,0,0,0,0,0,0,0,0,2,1,0,0,0,1,0,0,0,0,0,0,0,0,0,0,0,1,0,0,0,144503,2010,asbmb,5,4,0,0,"Am. Society for 
Biochemistry and Molecular Biology "
/mnt/c/Users/m/projects/nas_crt/data/learned_societies/asbmb/ASBMBToday-2010-09.txt,0,0,1,0,0,0,0,0,0,0,2,0,0,0,0,1,0,0,0,0,0,0,0,1,0,0,0,0,0,0,0,149693,2010,asbmb,5,3,0,0,"Am. Society for 
Biochemistry and Molecular Biology "
/mnt/c/Users/m/projects/nas_crt/data/learned_societies/asbmb/ASBMBToday-2010-10.txt,0,0,2,0,0,0,0,0,0,1,7,0,1,0,0,0,0,0,0,0,0,0,0,0,0,0,0,2,0,0,0,139901,2010,asbmb,13,7,0,1,"Am. Society for 
Biochemistry and Molecular Biology "
/mnt/c/Users/m/projects/nas_crt/data/learned_societies/asbmb/ASBMBToday-2010-11.txt,0,3,2,0,0,0,0,0,0,1,1,0,1,0,0,0,0,0,0,0,0,0,0,1,0,0,0,2,0,0,0,149422,2010,asbmb,11,1,0,1,"Am. Society for 
Biochemistry and Molecular Biology "
/mnt/c/Users/m/projects/nas_crt/data/learned_societies/asbmb/ASBMBToday-2010-12.txt,0,4,3,0,0,0,0,0,0,0,4,0,0,0,0,0,0,0,0,0,0,0,0,0,0,0,0,0,0,0,0,129825,2010,asbmb,11,4,0,0,"Am. Society for 
Biochemistry and Molecular Biology "
/mnt/c/Users/m/projects/nas_crt/data/learned_societies/asbmb/ASBMBToday-2011-01.txt,0,0,1,0,0,1,0,0,0,0,4,0,4,0,0,0,0,0,0,0,0,0,0,0,0,0,0,0,0,0,0,138144,2011,asbmb,10,4,0,4,"Am. Society for 
Biochemistry and Molecular Biology "
/mnt/c/Users/m/projects/nas_crt/data/learned_societies/asbmb/ASBMBToday-2011-02.txt,0,4,0,0,0,0,0,0,0,0,6,0,0,0,0,0,0,0,0,0,0,0,0,0,0,0,0,0,0,0,0,138863,2011,asbmb,10,6,0,0,"Am. Society for 
Biochemistry and Molecular Biology "
/mnt/c/Users/m/projects/nas_crt/data/learned_societies/asbmb/ASBMBToday-2011-03.txt,0,0,3,0,0,0,0,0,0,0,0,0,0,0,0,2,0,0,0,0,0,0,0,0,0,0,0,0,0,0,0,131515,2011,asbmb,5,2,0,0,"Am. Society for 
Biochemistry and Molecular Biology "
/mnt/c/Users/m/projects/nas_crt/data/learned_societies/asbmb/ASBMBToday-2011-04.txt,0,0,3,0,0,0,0,0,0,0,0,0,0,0,0,2,0,0,0,0,0,0,1,0,0,0,0,0,0,0,0,152264,2011,asbmb,6,2,0,0,"Am. Society for 
Biochemistry and Molecular Biology "
/mnt/c/Users/m/projects/nas_crt/data/learned_societies/asbmb/ASBMBToday-2011-05.txt,0,1,1,0,0,0,0,0,0,0,3,0,2,0,0,1,0,2,0,0,0,0,2,2,0,0,0,0,0,0,0,150489,2011,asbmb,14,4,0,2,"Am. Society for 
Biochemistry and Molecular Biology "
/mnt/c/Users/m/projects/nas_crt/data/learned_societies/asbmb/ASBMBToday-2011-06.txt,0,1,0,0,0,0,0,0,0,0,4,2,5,0,0,0,0,1,0,0,0,0,0,1,0,0,0,0,0,0,0,144335,2011,asbmb,14,6,0,5,"Am. Society for 
Biochemistry and Molecular Biology "
/mnt/c/Users/m/projects/nas_crt/data/learned_societies/asbmb/ASBMBToday-2011-07.txt,0,0,0,0,0,0,0,0,0,0,2,0,0,0,0,0,0,0,0,0,0,0,0,3,0,0,0,0,0,0,0,136443,2011,asbmb,5,2,0,0,"Am. Society for 
Biochemistry and Molecular Biology "
/mnt/c/Users/m/projects/nas_crt/data/learned_societies/asbmb/ASBMBToday-2011-08.txt,0,2,1,0,0,0,0,0,0,0,3,0,1,0,0,0,0,0,0,0,0,0,0,1,0,0,0,0,0,0,0,136919,2011,asbmb,8,3,0,1,"Am. Society for 
Biochemistry and Molecular Biology "
/mnt/c/Users/m/projects/nas_crt/data/learned_societies/asbmb/ASBMBToday-2011-09.txt,0,1,1,0,0,0,0,0,0,0,4,1,4,0,0,1,0,0,0,0,0,0,0,1,0,0,0,0,0,0,0,124966,2011,asbmb,13,6,0,4,"Am. Society for 
Biochemistry and Molecular Biology "
/mnt/c/Users/m/projects/nas_crt/data/learned_societies/asbmb/ASBMBToday-2011-10.txt,0,0,2,0,0,0,0,0,0,0,7,0,0,0,0,0,0,0,0,0,0,0,0,0,0,0,0,0,0,0,0,139811,2011,asbmb,9,7,0,0,"Am. Society for 
Biochemistry and Molecular Biology "
/mnt/c/Users/m/projects/nas_crt/data/learned_societies/asbmb/ASBMBToday-2011-11.txt,0,8,1,0,0,0,0,0,0,0,3,0,0,0,0,1,0,0,0,0,0,0,1,0,0,0,0,0,0,0,0,137166,2011,asbmb,14,4,0,0,"Am. Society for 
Biochemistry and Molecular Biology "
/mnt/c/Users/m/projects/nas_crt/data/learned_societies/asbmb/ASBMBToday-2011-12.txt,0,0,0,0,0,0,0,0,0,0,2,0,0,0,0,0,0,0,0,0,0,0,0,0,0,0,0,0,0,0,0,125748,2011,asbmb,2,2,0,0,"Am. Society for 
Biochemistry and Molecular Biology "
/mnt/c/Users/m/projects/nas_crt/data/learned_societies/asbmb/ASBMBToday-2012-01.txt,0,0,3,0,0,0,0,0,0,0,1,0,0,0,0,0,0,0,0,0,0,0,0,0,0,0,0,0,0,0,0,130519,2012,asbmb,4,1,0,0,"Am. Society for 
Biochemistry and Molecular Biology "
/mnt/c/Users/m/projects/nas_crt/data/learned_societies/asbmb/ASBMBToday-2012-02.txt,0,1,0,0,0,0,0,0,0,0,2,0,0,0,0,0,0,0,0,0,0,0,2,8,0,0,0,0,0,0,0,116345,2012,asbmb,13,2,0,0,"Am. Society for 
Biochemistry and Molecular Biology "
/mnt/c/Users/m/projects/nas_crt/data/learned_societies/asbmb/ASBMBToday-2012-03.txt,0,0,0,0,0,1,0,0,0,0,0,0,1,0,0,0,0,0,0,0,1,0,0,2,0,0,0,0,0,0,0,127188,2012,asbmb,5,0,0,1,"Am. Society for 
Biochemistry and Molecular Biology "
/mnt/c/Users/m/projects/nas_crt/data/learned_societies/asbmb/ASBMBToday-2012-04.txt,0,1,1,0,0,0,0,0,0,0,7,1,0,0,0,0,0,0,0,0,1,0,0,0,0,0,0,0,0,0,0,116884,2012,asbmb,11,8,0,0,"Am. Society for 
Biochemistry and Molecular Biology "
/mnt/c/Users/m/projects/nas_crt/data/learned_societies/asbmb/ASBMBToday-2012-05.txt,0,2,1,0,0,0,0,0,0,0,6,0,0,0,0,1,0,0,0,0,0,0,0,3,0,0,0,0,0,0,0,110899,2012,asbmb,13,7,0,0,"Am. Society for 
Biochemistry and Molecular Biology "
/mnt/c/Users/m/projects/nas_crt/data/learned_societies/asbmb/ASBMBToday-2012-06.txt,0,3,0,0,0,0,0,0,0,0,1,0,0,0,0,0,0,1,0,0,0,0,1,0,0,0,0,0,0,0,0,106559,2012,asbmb,6,1,0,0,"Am. Society for 
Biochemistry and Molecular Biology "
/mnt/c/Users/m/projects/nas_crt/data/learned_societies/asbmb/ASBMBToday-2012-07.txt,0,10,0,0,0,0,0,0,0,0,1,1,0,0,0,0,0,0,0,0,0,0,1,0,2,0,0,0,0,0,0,115495,2012,asbmb,15,2,2,0,"Am. Society for 
Biochemistry and Molecular Biology "
/mnt/c/Users/m/projects/nas_crt/data/learned_societies/asbmb/ASBMBToday-2012-08.txt,0,0,1,0,0,0,0,0,0,0,3,0,2,0,0,0,0,0,0,0,0,0,0,0,0,0,0,5,0,0,0,120858,2012,asbmb,11,3,0,2,"Am. Society for 
Biochemistry and Molecular Biology "
/mnt/c/Users/m/projects/nas_crt/data/learned_societies/asbmb/ASBMBToday-2012-09.txt,0,0,0,0,0,0,0,0,0,0,4,0,0,0,0,0,0,0,0,0,0,0,0,0,0,0,0,1,0,0,0,132900,2012,asbmb,5,4,0,0,"Am. Society for 
Biochemistry and Molecular Biology "
/mnt/c/Users/m/projects/nas_crt/data/learned_societies/asbmb/ASBMBToday-2012-10.txt,0,2,0,0,0,0,0,0,0,0,2,0,0,0,0,0,0,0,0,0,0,0,0,0,0,0,0,2,0,0,0,119139,2012,asbmb,6,2,0,0,"Am. Society for 
Biochemistry and Molecular Biology "
/mnt/c/Users/m/projects/nas_crt/data/learned_societies/asbmb/ASBMBToday-2012-11.txt,0,5,0,0,0,0,0,0,0,0,8,0,0,0,0,1,0,0,0,0,0,0,1,3,0,0,0,0,0,0,0,117334,2012,asbmb,18,9,0,0,"Am. Society for 
Biochemistry and Molecular Biology "
/mnt/c/Users/m/projects/nas_crt/data/learned_societies/asbmb/ASBMBToday-2012-12.txt,0,0,0,0,0,0,0,0,0,0,1,0,0,0,0,2,0,0,0,0,0,0,0,1,0,0,0,0,0,0,0,96843,2012,asbmb,4,3,0,0,"Am. Society for 
Biochemistry and Molecular Biology "
/mnt/c/Users/m/projects/nas_crt/data/learned_societies/asbmb/ASBMBToday-2013-01.txt,0,0,0,0,0,0,0,0,0,0,0,0,1,0,0,0,0,0,0,0,0,0,0,1,0,0,0,1,0,0,0,114258,2013,asbmb,3,0,0,1,"Am. Society for 
Biochemistry and Molecular Biology "
/mnt/c/Users/m/projects/nas_crt/data/learned_societies/asbmb/ASBMBToday-2013-02.txt,0,1,2,0,0,0,0,0,0,1,1,0,1,0,0,1,0,0,0,0,0,1,0,0,0,0,0,1,0,0,0,112394,2013,asbmb,9,2,0,1,"Am. Society for 
Biochemistry and Molecular Biology "
/mnt/c/Users/m/projects/nas_crt/data/learned_societies/asbmb/ASBMBToday-2013-03.txt,0,0,1,0,0,0,0,0,0,1,6,0,0,0,0,1,0,0,0,0,0,0,0,1,0,0,0,0,0,0,0,118657,2013,asbmb,10,7,0,0,"Am. Society for 
Biochemistry and Molecular Biology "
/mnt/c/Users/m/projects/nas_crt/data/learned_societies/asbmb/ASBMBToday-2013-04.txt,0,0,0,0,0,0,0,0,0,1,3,0,0,0,0,0,0,1,0,0,0,0,1,0,0,0,0,0,0,0,0,121103,2013,asbmb,6,3,0,0,"Am. Society for 
Biochemistry and Molecular Biology "
/mnt/c/Users/m/projects/nas_crt/data/learned_societies/asbmb/ASBMBToday-2013-05.txt,0,5,0,0,0,0,0,0,0,0,3,1,0,0,0,0,0,0,0,0,0,0,1,1,0,0,0,0,0,0,0,128158,2013,asbmb,11,4,0,0,"Am. Society for 
Biochemistry and Molecular Biology "
/mnt/c/Users/m/projects/nas_crt/data/learned_societies/asbmb/ASBMBToday-2013-06.txt,0,0,1,0,0,0,0,0,0,0,2,0,0,0,0,0,0,0,0,0,0,0,0,0,0,0,0,0,0,0,0,104690,2013,asbmb,3,2,0,0,"Am. Society for 
Biochemistry and Molecular Biology "
/mnt/c/Users/m/projects/nas_crt/data/learned_societies/asbmb/ASBMBToday-2013-08.txt,0,0,1,0,0,0,0,0,0,0,4,0,0,0,0,0,0,0,0,0,0,0,1,1,0,0,0,0,0,0,0,186273,2013,asbmb,7,4,0,0,"Am. Society for 
Biochemistry and Molecular Biology "
/mnt/c/Users/m/projects/nas_crt/data/learned_societies/asbmb/ASBMBToday-2013-09.txt,0,0,0,0,0,0,0,0,0,2,5,0,0,0,0,0,0,0,0,0,0,0,0,0,0,0,0,0,0,0,0,159174,2013,asbmb,7,5,0,0,"Am. Society for 
Biochemistry and Molecular Biology "
/mnt/c/Users/m/projects/nas_crt/data/learned_societies/asbmb/ASBMBToday-2013-10.txt,0,0,0,0,0,0,0,0,0,0,3,0,0,0,0,0,0,0,0,0,0,0,1,0,0,0,0,0,0,0,0,127745,2013,asbmb,4,3,0,0,"Am. Society for 
Biochemistry and Molecular Biology "
/mnt/c/Users/m/projects/nas_crt/data/learned_societies/asbmb/ASBMBToday-2013-11.txt,0,2,0,0,0,0,0,0,0,0,1,0,0,0,0,1,0,0,0,0,0,0,1,1,0,0,0,1,0,0,0,121797,2013,asbmb,7,2,0,0,"Am. Society for 
Biochemistry and Molecular Biology "
/mnt/c/Users/m/projects/nas_crt/data/learned_societies/asbmb/ASBMBToday-2013-12.txt,0,5,0,0,0,0,0,0,0,0,0,0,0,0,0,1,0,0,0,0,0,0,2,0,0,0,0,0,0,0,0,122416,2013,asbmb,8,1,0,0,"Am. Society for 
Biochemistry and Molecular Biology "
/mnt/c/Users/m/projects/nas_crt/data/learned_societies/asbmb/ASBMBToday-2014-01.txt,0,8,1,0,0,0,0,0,0,0,5,0,1,0,0,0,0,0,0,0,0,0,0,2,0,0,0,1,0,0,0,120044,2014,asbmb,18,5,0,1,"Am. Society for 
Biochemistry and Molecular Biology "
/mnt/c/Users/m/projects/nas_crt/data/learned_societies/asbmb/ASBMBToday-2014-02.txt,0,0,2,0,0,1,0,0,0,1,5,0,0,0,0,1,0,0,0,0,0,0,0,1,1,0,0,3,0,0,0,110080,2014,asbmb,15,6,1,0,"Am. Society for 
Biochemistry and Molecular Biology "
/mnt/c/Users/m/projects/nas_crt/data/learned_societies/asbmb/ASBMBToday-2014-03.txt,0,2,1,0,0,0,0,0,0,0,1,0,1,0,0,1,0,17,0,0,0,0,1,0,0,0,14,0,0,0,0,126397,2014,asbmb,38,2,0,1,"Am. Society for 
Biochemistry and Molecular Biology "
/mnt/c/Users/m/projects/nas_crt/data/learned_societies/asbmb/ASBMBToday-2014-04.txt,0,0,2,0,0,0,0,0,0,0,5,0,0,0,0,0,0,0,0,0,0,0,1,0,0,0,0,0,0,0,0,143826,2014,asbmb,8,5,0,0,"Am. Society for 
Biochemistry and Molecular Biology "
/mnt/c/Users/m/projects/nas_crt/data/learned_societies/asbmb/ASBMBToday-2014-05.txt,0,2,1,0,0,2,0,0,0,0,5,0,0,0,0,1,0,0,0,0,0,0,1,0,0,0,0,1,0,0,0,103254,2014,asbmb,13,6,0,0,"Am. Society for 
Biochemistry and Molecular Biology "
/mnt/c/Users/m/projects/nas_crt/data/learned_societies/asbmb/ASBMBToday-2014-06.txt,0,1,2,0,0,0,0,0,0,0,2,0,0,0,0,0,0,0,0,0,0,0,0,0,0,0,0,1,0,0,0,128973,2014,asbmb,6,2,0,0,"Am. Society for 
Biochemistry and Molecular Biology "
/mnt/c/Users/m/projects/nas_crt/data/learned_societies/asbmb/ASBMBToday-2014-08.txt,0,0,2,0,0,1,0,0,0,0,2,0,0,0,0,1,0,0,0,0,0,0,0,0,0,0,0,0,0,0,0,148611,2014,asbmb,6,3,0,0,"Am. Society for 
Biochemistry and Molecular Biology "
/mnt/c/Users/m/projects/nas_crt/data/learned_societies/asbmb/ASBMBToday-2014-09.txt,0,3,3,0,0,0,0,0,0,0,2,0,0,0,0,0,0,0,0,0,0,0,0,0,0,0,0,0,0,0,0,161894,2014,asbmb,8,2,0,0,"Am. Society for 
Biochemistry and Molecular Biology "
/mnt/c/Users/m/projects/nas_crt/data/learned_societies/asbmb/ASBMBToday-2014-10.txt,0,1,2,0,0,0,0,0,0,0,4,0,0,0,0,0,0,1,0,0,0,0,0,1,0,0,1,0,0,0,0,152712,2014,asbmb,10,4,0,0,"Am. Society for 
Biochemistry and Molecular Biology "
/mnt/c/Users/m/projects/nas_crt/data/learned_societies/asbmb/ASBMBToday-2014-11.txt,0,0,1,0,0,0,0,0,0,0,2,0,0,0,0,1,0,0,0,0,0,0,0,0,0,0,0,0,0,0,0,113471,2014,asbmb,4,3,0,0,"Am. Society for 
Biochemistry and Molecular Biology "
/mnt/c/Users/m/projects/nas_crt/data/learned_societies/asbmb/ASBMBToday-2014-12.txt,0,0,1,0,0,0,0,0,0,1,3,0,10,0,0,1,0,0,0,0,0,0,1,0,0,0,0,0,2,0,0,106015,2014,asbmb,19,4,0,10,"Am. Society for 
Biochemistry and Molecular Biology "
/mnt/c/Users/m/projects/nas_crt/data/learned_societies/asbmb/ASBMBToday-2015-01.txt,0,2,0,0,0,0,0,0,0,0,0,0,0,0,0,0,0,0,0,0,0,0,2,0,0,0,0,2,0,0,0,112666,2015,asbmb,6,0,0,0,"Am. Society for 
Biochemistry and Molecular Biology "
/mnt/c/Users/m/projects/nas_crt/data/learned_societies/asbmb/ASBMBToday-2015-02.txt,0,1,0,0,0,0,0,0,0,0,3,0,0,0,0,0,0,0,0,0,0,0,0,1,0,0,0,0,0,0,0,112866,2015,asbmb,5,3,0,0,"Am. Society for 
Biochemistry and Molecular Biology "
/mnt/c/Users/m/projects/nas_crt/data/learned_societies/asbmb/ASBMBToday-2015-03.txt,0,2,5,0,0,3,0,0,0,1,12,2,0,0,1,2,0,0,0,0,0,0,1,1,0,0,0,1,0,0,0,215268,2015,asbmb,31,16,0,0,"Am. Society for 
Biochemistry and Molecular Biology "
/mnt/c/Users/m/projects/nas_crt/data/learned_societies/asbmb/ASBMBToday-2015-04.txt,0,1,0,0,0,0,0,0,0,0,2,0,0,0,0,0,0,0,0,0,0,0,0,1,0,0,0,0,0,0,0,132234,2015,asbmb,4,2,0,0,"Am. Society for 
Biochemistry and Molecular Biology "
/mnt/c/Users/m/projects/nas_crt/data/learned_societies/asbmb/ASBMBToday-2015-05.txt,0,1,1,0,0,1,0,0,0,0,6,0,0,0,0,0,0,0,0,0,0,0,0,0,0,0,0,0,0,0,0,119046,2015,asbmb,9,6,0,0,"Am. Society for 
Biochemistry and Molecular Biology "
/mnt/c/Users/m/projects/nas_crt/data/learned_societies/asbmb/ASBMBToday-2015-06.txt,0,0,1,0,0,0,0,0,0,0,0,0,0,0,0,1,0,0,0,0,0,0,1,0,0,0,0,0,0,0,0,122828,2015,asbmb,3,1,0,0,"Am. Society for 
Biochemistry and Molecular Biology "
/mnt/c/Users/m/projects/nas_crt/data/learned_societies/asbmb/ASBMBToday-2015-08.txt,0,0,1,0,0,0,0,0,0,0,2,0,0,0,0,0,0,1,0,0,0,0,0,0,0,0,0,0,0,0,0,176340,2015,asbmb,4,2,0,0,"Am. Society for 
Biochemistry and Molecular Biology "
/mnt/c/Users/m/projects/nas_crt/data/learned_societies/asbmb/ASBMBToday-2015-09.txt,0,0,5,0,0,1,0,0,0,0,7,0,1,0,0,0,0,0,0,0,0,0,1,0,0,0,0,0,1,0,0,123152,2015,asbmb,16,7,0,1,"Am. Society for 
Biochemistry and Molecular Biology "
/mnt/c/Users/m/projects/nas_crt/data/learned_societies/asbmb/ASBMBToday-2015-10.txt,0,1,0,0,0,0,0,0,0,0,1,0,0,0,0,0,0,0,0,0,0,0,0,0,0,0,0,0,0,0,0,164918,2015,asbmb,2,1,0,0,"Am. Society for 
Biochemistry and Molecular Biology "
/mnt/c/Users/m/projects/nas_crt/data/learned_societies/asbmb/ASBMBToday-2015-11.txt,0,0,3,0,0,0,0,0,0,0,1,0,0,0,0,0,0,0,0,0,0,0,0,1,0,0,0,1,0,0,0,121344,2015,asbmb,6,1,0,0,"Am. Society for 
Biochemistry and Molecular Biology "
/mnt/c/Users/m/projects/nas_crt/data/learned_societies/asbmb/ASBMBToday-2015-12.txt,0,1,4,0,0,0,0,0,0,1,1,0,1,0,0,0,0,0,0,0,0,0,0,1,0,0,0,0,0,0,0,132825,2015,asbmb,9,1,0,1,"Am. Society for 
Biochemistry and Molecular Biology "
/mnt/c/Users/m/projects/nas_crt/data/learned_societies/asbmb/ASBMBToday-2016-01.txt,0,4,1,0,0,0,0,0,0,0,4,0,0,0,0,0,0,0,0,0,0,0,0,0,0,0,0,0,0,0,0,95924,2016,asbmb,9,4,0,0,"Am. Society for 
Biochemistry and Molecular Biology "
/mnt/c/Users/m/projects/nas_crt/data/learned_societies/asbmb/ASBMBToday-2016-02.txt,0,5,0,0,0,5,0,0,0,6,72,3,18,0,2,18,0,0,0,0,1,0,1,1,1,0,0,2,2,0,0,142442,2016,asbmb,137,93,1,18,"Am. Society for 
Biochemistry and Molecular Biology "
/mnt/c/Users/m/projects/nas_crt/data/learned_societies/asbmb/ASBMBToday-2016-03.txt,0,1,2,0,0,0,0,0,0,0,10,0,0,0,0,2,0,0,0,0,0,0,0,0,0,0,0,0,0,0,0,173442,2016,asbmb,15,12,0,0,"Am. Society for 
Biochemistry and Molecular Biology "
/mnt/c/Users/m/projects/nas_crt/data/learned_societies/asbmb/ASBMBToday-2016-04.txt,0,0,1,0,0,0,0,0,0,0,1,0,0,0,0,0,0,0,0,0,0,0,0,0,0,0,0,0,0,0,0,105335,2016,asbmb,2,1,0,0,"Am. Society for 
Biochemistry and Molecular Biology "
/mnt/c/Users/m/projects/nas_crt/data/learned_societies/asbmb/ASBMBToday-2016-05.txt,0,0,0,0,0,0,0,0,0,0,1,0,0,0,0,0,0,0,0,0,0,0,0,0,0,0,0,0,0,0,0,119560,2016,asbmb,1,1,0,0,"Am. Society for 
Biochemistry and Molecular Biology "
/mnt/c/Users/m/projects/nas_crt/data/learned_societies/asbmb/ASBMBToday-2016-06.txt,0,1,0,0,0,6,0,0,0,0,10,0,1,0,0,1,0,0,0,0,0,0,0,0,0,0,0,0,0,0,0,136194,2016,asbmb,19,11,0,1,"Am. Society for 
Biochemistry and Molecular Biology "
/mnt/c/Users/m/projects/nas_crt/data/learned_societies/asbmb/ASBMBToday-2016-08.txt,0,2,1,0,0,2,0,0,0,6,4,0,6,0,0,1,0,0,0,0,0,0,1,0,0,0,0,0,0,0,0,182626,2016,asbmb,23,5,0,6,"Am. Society for 
Biochemistry and Molecular Biology "
/mnt/c/Users/m/projects/nas_crt/data/learned_societies/asbmb/ASBMBToday-2016-09.txt,0,0,5,0,0,0,0,0,0,0,2,0,0,0,0,0,0,0,0,0,0,0,0,0,0,0,0,1,0,0,0,142137,2016,asbmb,8,2,0,0,"Am. Society for 
Biochemistry and Molecular Biology "
/mnt/c/Users/m/projects/nas_crt/data/learned_societies/asbmb/ASBMBToday-2016-10.txt,0,1,2,0,0,2,0,0,0,0,3,0,0,0,1,0,0,0,0,0,0,0,0,2,0,0,0,0,0,0,0,138706,2016,asbmb,11,3,0,0,"Am. Society for 
Biochemistry and Molecular Biology "
/mnt/c/Users/m/projects/nas_crt/data/learned_societies/asbmb/ASBMBToday-2016-11.txt,0,3,1,0,0,0,0,0,0,0,14,0,2,0,0,2,0,0,0,0,0,0,1,2,0,1,0,0,0,0,0,148752,2016,asbmb,26,16,0,2,"Am. Society for 
Biochemistry and Molecular Biology "
/mnt/c/Users/m/projects/nas_crt/data/learned_societies/asbmb/ASBMBToday-2016-12.txt,0,2,0,0,0,0,0,0,0,0,0,0,0,0,0,1,0,0,0,0,0,0,0,0,0,0,0,0,0,0,0,123449,2016,asbmb,3,1,0,0,"Am. Society for 
Biochemistry and Molecular Biology "
/mnt/c/Users/m/projects/nas_crt/data/learned_societies/asbmb/ASBMBToday-2017-01.txt,0,2,3,0,0,0,0,0,0,0,0,0,0,0,0,0,0,0,0,0,0,0,0,0,0,0,0,7,0,0,0,102843,2017,asbmb,12,0,0,0,"Am. Society for 
Biochemistry and Molecular Biology "
/mnt/c/Users/m/projects/nas_crt/data/learned_societies/asbmb/ASBMBToday-2017-02.txt,0,1,1,0,0,0,0,0,0,0,44,0,0,0,0,2,0,1,0,0,0,0,2,1,0,0,1,0,0,0,0,122148,2017,asbmb,53,46,0,0,"Am. Society for 
Biochemistry and Molecular Biology "
/mnt/c/Users/m/projects/nas_crt/data/learned_societies/asbmb/ASBMBToday-2017-03.txt,0,0,2,0,0,2,0,0,0,0,13,0,0,0,0,0,0,0,0,0,0,0,1,1,0,0,0,1,0,0,0,134340,2017,asbmb,20,13,0,0,"Am. Society for 
Biochemistry and Molecular Biology "
/mnt/c/Users/m/projects/nas_crt/data/learned_societies/asbmb/ASBMBToday-2017-04.txt,0,8,1,0,0,0,0,0,0,0,5,0,0,0,0,0,0,0,0,0,0,0,3,0,0,0,0,1,0,0,0,168113,2017,asbmb,18,5,0,0,"Am. Society for 
Biochemistry and Molecular Biology "
/mnt/c/Users/m/projects/nas_crt/data/learned_societies/asbmb/ASBMBToday-2017-05.txt,0,8,1,0,0,1,0,0,0,0,2,1,2,0,0,0,0,0,0,0,0,0,0,0,0,0,0,0,0,0,0,117757,2017,asbmb,15,3,0,2,"Am. Society for 
Biochemistry and Molecular Biology "
/mnt/c/Users/m/projects/nas_crt/data/learned_societies/asbmb/ASBMBToday-2017-08.txt,0,1,3,0,0,1,0,0,0,0,8,0,1,0,1,0,0,0,0,0,0,0,0,0,0,0,0,0,0,0,0,156275,2017,asbmb,15,8,0,1,"Am. Society for 
Biochemistry and Molecular Biology "
/mnt/c/Users/m/projects/nas_crt/data/learned_societies/asbmb/ASBMBToday-2017-09.txt,0,2,1,0,0,11,0,0,0,1,6,0,0,0,1,0,0,0,0,0,0,0,1,2,0,0,0,0,0,0,0,146507,2017,asbmb,25,6,0,0,"Am. Society for 
Biochemistry and Molecular Biology "
/mnt/c/Users/m/projects/nas_crt/data/learned_societies/asbmb/ASBMBToday-2017-10.txt,0,6,2,0,0,0,0,0,0,0,5,0,1,0,0,1,0,0,0,0,0,0,0,0,0,0,0,0,0,0,0,162624,2017,asbmb,15,6,0,1,"Am. Society for 
Biochemistry and Molecular Biology "
/mnt/c/Users/m/projects/nas_crt/data/learned_societies/asbmb/ASBMBToday-2017-11.txt,0,2,2,0,0,0,0,0,0,0,3,0,0,0,0,0,0,0,0,0,0,0,1,0,0,0,0,2,0,0,0,114612,2017,asbmb,10,3,0,0,"Am. Society for 
Biochemistry and Molecular Biology "
/mnt/c/Users/m/projects/nas_crt/data/learned_societies/asbmb/ASBMBToday-2017-12.txt,0,5,0,0,0,0,0,0,0,0,1,0,0,0,0,1,0,0,0,0,0,0,0,2,0,0,0,0,0,0,0,150786,2017,asbmb,9,2,0,0,"Am. Society for 
Biochemistry and Molecular Biology "
/mnt/c/Users/m/projects/nas_crt/data/learned_societies/asbmb/ASBMBToday-2018-01.txt,0,10,1,0,0,0,0,0,0,0,4,0,0,0,0,0,0,1,0,0,0,0,2,0,0,0,0,0,0,0,0,141648,2018,asbmb,18,4,0,0,"Am. Society for 
Biochemistry and Molecular Biology "
/mnt/c/Users/m/projects/nas_crt/data/learned_societies/asbmb/ASBMBToday-2018-02.txt,0,3,1,0,0,0,0,0,0,1,9,4,1,0,0,1,0,2,0,0,0,1,0,3,3,0,0,1,0,0,0,147695,2018,asbmb,30,14,3,1,"Am. Society for 
Biochemistry and Molecular Biology "
/mnt/c/Users/m/projects/nas_crt/data/learned_societies/asbmb/ASBMBToday-2018-03.txt,0,1,1,0,0,0,0,0,0,0,2,0,1,0,0,0,0,0,0,0,0,0,0,2,0,0,0,0,0,0,0,174388,2018,asbmb,7,2,0,1,"Am. Society for 
Biochemistry and Molecular Biology "
/mnt/c/Users/m/projects/nas_crt/data/learned_societies/asbmb/ASBMBToday-2018-04.txt,0,5,1,0,0,2,0,0,0,0,12,0,1,0,0,1,0,0,0,0,1,0,2,0,0,0,0,0,0,0,0,187383,2018,asbmb,25,13,0,1,"Am. Society for 
Biochemistry and Molecular Biology "
/mnt/c/Users/m/projects/nas_crt/data/learned_societies/asbmb/ASBMBToday-2018-05.txt,0,15,3,0,0,0,0,0,0,0,1,0,0,0,0,0,0,0,0,0,0,0,0,0,0,0,0,2,0,0,0,124564,2018,asbmb,21,1,0,0,"Am. Society for 
Biochemistry and Molecular Biology "
/mnt/c/Users/m/projects/nas_crt/data/learned_societies/asbmb/ASBMBToday-2018-06.txt,0,3,1,0,0,0,0,0,0,0,0,0,0,0,0,0,0,0,0,0,0,0,1,0,0,0,0,0,0,0,0,125965,2018,asbmb,5,0,0,0,"Am. Society for 
Biochemistry and Molecular Biology "
/mnt/c/Users/m/projects/nas_crt/data/learned_societies/asbmb/ASBMBToday-2018-08.txt,0,1,5,0,0,4,0,0,0,1,21,0,0,0,0,1,0,0,0,0,6,0,3,4,0,0,0,0,2,0,0,192583,2018,asbmb,48,22,0,0,"Am. Society for 
Biochemistry and Molecular Biology "
/mnt/c/Users/m/projects/nas_crt/data/learned_societies/asbmb/ASBMBToday-2018-09.txt,0,0,2,0,0,0,0,0,0,8,6,0,12,0,0,1,0,1,0,0,0,0,0,3,0,0,0,1,0,0,0,167443,2018,asbmb,34,7,0,12,"Am. Society for 
Biochemistry and Molecular Biology "
/mnt/c/Users/m/projects/nas_crt/data/learned_societies/asbmb/ASBMBToday-2018-10.txt,0,0,0,0,0,2,0,0,0,0,12,0,1,0,0,3,0,0,0,0,2,0,0,3,0,0,0,0,0,0,0,164424,2018,asbmb,23,15,0,1,"Am. Society for 
Biochemistry and Molecular Biology "
/mnt/c/Users/m/projects/nas_crt/data/learned_societies/asbmb/ASBMBToday-2018-11.txt,0,1,2,0,0,3,0,0,0,1,3,1,3,0,0,0,0,0,0,0,0,0,0,0,0,0,0,0,0,0,0,135222,2018,asbmb,14,4,0,3,"Am. Society for 
Biochemistry and Molecular Biology "
/mnt/c/Users/m/projects/nas_crt/data/learned_societies/asbmb/ASBMBToday-2018-12.txt,0,3,1,0,0,0,0,0,0,0,9,0,0,0,0,1,0,0,0,0,0,0,0,3,0,0,0,2,0,0,0,173049,2018,asbmb,19,10,0,0,"Am. Society for 
Biochemistry and Molecular Biology "
/mnt/c/Users/m/projects/nas_crt/data/learned_societies/asbmb/ASBMBToday-2019-01.txt,0,10,2,0,0,0,0,0,0,0,2,0,0,0,0,0,0,0,0,0,0,0,1,0,0,0,0,1,0,0,0,192576,2019,asbmb,16,2,0,0,"Am. Society for 
Biochemistry and Molecular Biology "
/mnt/c/Users/m/projects/nas_crt/data/learned_societies/asbmb/ASBMBToday-2019-02.txt,0,0,0,0,0,0,0,0,0,0,9,0,0,0,0,3,0,0,0,0,0,0,0,0,0,0,0,0,0,0,0,122884,2019,asbmb,12,12,0,0,"Am. Society for 
Biochemistry and Molecular Biology "
/mnt/c/Users/m/projects/nas_crt/data/learned_societies/asbmb/ASBMBToday-2019-03.txt,0,2,2,0,0,0,0,0,0,0,6,0,0,0,0,0,0,0,0,0,0,0,1,0,0,0,0,0,0,0,0,160124,2019,asbmb,11,6,0,0,"Am. Society for 
Biochemistry and Molecular Biology "
/mnt/c/Users/m/projects/nas_crt/data/learned_societies/asbmb/ASBMBToday-2019-04.txt,0,5,0,0,0,1,0,0,0,0,9,0,0,0,0,0,0,1,0,0,0,0,1,0,0,0,0,1,0,0,0,193240,2019,asbmb,18,9,0,0,"Am. Society for 
Biochemistry and Molecular Biology "
/mnt/c/Users/m/projects/nas_crt/data/learned_societies/asbmb/ASBMBToday-2019-05.txt,0,12,0,0,0,0,0,0,0,0,1,0,1,0,0,0,0,0,0,0,0,0,0,0,0,0,0,1,0,0,0,147409,2019,asbmb,15,1,0,1,"Am. Society for 
Biochemistry and Molecular Biology "
/mnt/c/Users/m/projects/nas_crt/data/learned_societies/asbmb/ASBMBToday-2019-06.txt,0,10,1,0,0,1,0,0,0,2,2,0,0,0,0,0,0,1,0,0,0,0,0,0,0,0,1,0,0,0,0,169058,2019,asbmb,18,2,0,0,"Am. Society for 
Biochemistry and Molecular Biology "
/mnt/c/Users/m/projects/nas_crt/data/learned_societies/asbmb/ASBMBToday-2019-08.txt,0,7,1,0,0,2,0,0,0,1,4,3,2,0,0,1,0,1,0,0,0,0,0,0,0,0,1,1,0,0,0,224365,2019,asbmb,24,8,0,2,"Am. Society for 
Biochemistry and Molecular Biology "
/mnt/c/Users/m/projects/nas_crt/data/learned_societies/asbmb/ASBMBToday-2019-09.txt,0,4,0,0,0,0,0,0,0,1,0,0,2,0,0,0,0,1,0,0,0,0,0,0,0,0,0,1,0,0,0,181405,2019,asbmb,9,0,0,2,"Am. Society for 
Biochemistry and Molecular Biology "
/mnt/c/Users/m/projects/nas_crt/data/learned_societies/asbmb/ASBMBToday-2019-10.txt,0,4,0,0,0,3,0,0,0,0,2,0,5,0,0,2,0,4,0,0,0,0,0,1,0,0,0,0,1,0,0,203987,2019,asbmb,22,4,0,5,"Am. Society for 
Biochemistry and Molecular Biology "
/mnt/c/Users/m/projects/nas_crt/data/learned_societies/asbmb/ASBMBToday-2019-11.txt,0,2,0,0,0,0,0,0,0,0,10,3,0,0,0,2,0,0,0,0,0,0,0,1,0,0,0,0,0,0,0,171085,2019,asbmb,18,15,0,0,"Am. Society for 
Biochemistry and Molecular Biology "
/mnt/c/Users/m/projects/nas_crt/data/learned_societies/asbmb/ASBMBToday-2019-12.txt,0,1,0,0,0,0,0,0,0,0,5,1,3,0,0,1,0,1,0,0,0,0,0,1,0,0,0,0,0,0,0,170385,2019,asbmb,13,7,0,3,"Am. Society for 
Biochemistry and Molecular Biology "
/mnt/c/Users/m/projects/nas_crt/data/learned_societies/asbmb/ASBMBToday-2020-01.txt,0,2,0,0,0,0,0,0,0,0,8,3,1,0,0,2,0,0,0,0,0,0,1,0,0,0,0,0,1,0,0,190964,2020,asbmb,18,13,0,1,"Am. Society for 
Biochemistry and Molecular Biology "
/mnt/c/Users/m/projects/nas_crt/data/learned_societies/asbmb/ASBMBToday-2020-02.txt,0,1,1,0,0,3,0,0,0,0,32,0,0,0,1,7,0,0,0,0,0,0,0,4,0,0,0,3,0,0,0,174894,2020,asbmb,52,39,0,0,"Am. Society for 
Biochemistry and Molecular Biology "
/mnt/c/Users/m/projects/nas_crt/data/learned_societies/asbmb/ASBMBToday-2020-03.txt,0,1,0,0,0,0,0,0,0,2,1,0,1,0,0,0,0,1,0,0,0,0,0,2,0,0,0,2,0,0,0,129654,2020,asbmb,10,1,0,1,"Am. Society for 
Biochemistry and Molecular Biology "
/mnt/c/Users/m/projects/nas_crt/data/learned_societies/asbmb/ASBMBToday-2020-04.txt,0,0,0,0,0,0,0,0,0,0,0,3,1,0,0,0,0,0,0,0,0,0,0,0,0,0,0,0,0,0,0,132670,2020,asbmb,4,3,0,1,"Am. Society for 
Biochemistry and Molecular Biology "
/mnt/c/Users/m/projects/nas_crt/data/learned_societies/asbmb/ASBMBToday-2020-05.txt,0,0,1,0,0,0,0,0,0,0,1,0,0,0,0,0,0,0,0,0,0,0,1,3,0,0,0,0,0,0,0,176346,2020,asbmb,6,1,0,0,"Am. Society for 
Biochemistry and Molecular Biology "
/mnt/c/Users/m/projects/nas_crt/data/learned_societies/asbmb/ASBMBToday-2020-06.txt,0,8,1,0,0,0,0,0,0,1,3,2,1,0,0,1,0,0,0,0,0,0,1,0,3,1,0,3,0,0,0,172571,2020,asbmb,25,6,3,1,"Am. Society for 
Biochemistry and Molecular Biology "
/mnt/c/Users/m/projects/nas_crt/data/learned_societies/asbmb/ASBMBToday-2020-08.txt,0,4,1,0,0,2,1,0,0,1,7,4,1,2,0,1,0,7,0,0,0,0,3,2,1,0,1,1,0,0,0,230211,2020,asbmb,39,12,1,1,"Am. Society for 
Biochemistry and Molecular Biology "
/mnt/c/Users/m/projects/nas_crt/data/learned_societies/asbmb/ASBMBToday-2020-09.txt,0,4,1,0,0,1,0,0,0,0,9,2,0,0,0,2,0,0,0,0,0,0,0,0,0,0,0,3,0,0,0,167442,2020,asbmb,22,13,0,0,"Am. Society for 
Biochemistry and Molecular Biology "
/mnt/c/Users/m/projects/nas_crt/data/learned_societies/asbmb/ASBMBToday-2020-10.txt,0,0,1,0,0,0,0,0,0,0,4,0,0,0,0,2,0,0,0,0,0,0,0,0,0,0,0,3,0,0,0,161083,2020,asbmb,10,6,0,0,"Am. Society for 
Biochemistry and Molecular Biology "
/mnt/c/Users/m/projects/nas_crt/data/learned_societies/asbmb/ASBMBToday-2020-11.txt,0,1,0,0,0,0,2,0,0,0,4,3,3,0,0,1,0,0,0,0,0,0,0,1,0,0,0,0,0,0,0,169357,2020,asbmb,15,8,0,3,"Am. Society for 
Biochemistry and Molecular Biology "
/mnt/c/Users/m/projects/nas_crt/data/learned_societies/asbmb/ASBMBToday-2020-12.txt,0,0,1,0,0,0,2,0,0,0,5,4,3,0,0,5,0,0,0,0,0,0,0,1,1,0,0,1,0,0,0,167535,2020,asbmb,23,14,1,3,"Am. Society for 
Biochemistry and Molecular Biology "
/mnt/c/Users/m/projects/nas_crt/data/learned_societies/asbmb/ASBMBToday-2021-01.txt,0,1,3,0,0,0,1,0,0,0,1,0,1,0,0,0,0,2,0,0,0,0,0,3,0,0,0,1,0,0,0,185243,2021,asbmb,13,1,0,1,"Am. Society for 
Biochemistry and Molecular Biology "
/mnt/c/Users/m/projects/nas_crt/data/learned_societies/asbmb/ASBMBToday-2021-02.txt,0,2,1,2,0,1,1,0,0,1,14,1,1,0,0,3,0,4,0,0,0,0,0,2,2,0,1,2,0,0,0,179919,2021,asbmb,38,18,4,1,"Am. Society for 
Biochemistry and Molecular Biology "
/mnt/c/Users/m/projects/nas_crt/data/learned_societies/asbmb/ASBMBToday-2021-03.txt,0,0,0,0,0,0,0,0,0,0,8,2,0,0,0,0,0,0,0,0,0,0,1,0,0,0,0,0,0,0,0,174789,2021,asbmb,11,10,0,0,"Am. Society for 
Biochemistry and Molecular Biology "
/mnt/c/Users/m/projects/nas_crt/data/learned_societies/asbmb/ASBMBToday-2021-04.txt,0,4,1,0,0,0,1,0,0,0,5,0,0,0,0,1,0,0,0,0,0,0,0,0,1,0,0,0,1,0,0,176830,2021,asbmb,14,6,1,0,"Am. Society for 
Biochemistry and Molecular Biology "
/mnt/c/Users/m/projects/nas_crt/data/learned_societies/asbmb/ASBMBToday-2021-05.txt,0,1,0,0,0,0,0,0,0,0,4,2,0,0,0,1,0,0,0,0,0,0,0,0,0,0,0,0,0,0,0,177817,2021,asbmb,8,7,0,0,"Am. Society for 
Biochemistry and Molecular Biology "
/mnt/c/Users/m/projects/nas_crt/data/learned_societies/asbmb/ASBMBToday-2021-06.txt,0,2,1,0,0,1,1,0,0,0,7,5,2,0,0,2,0,2,0,0,0,0,1,0,5,1,0,5,1,0,0,226894,2021,asbmb,36,14,5,2,"Am. Society for 
Biochemistry and Molecular Biology "
/mnt/c/Users/m/projects/nas_crt/data/learned_societies/asbmb/ASBMBToday-2021-08.txt,0,5,1,0,0,2,0,0,0,0,11,2,0,0,0,2,0,0,0,0,0,0,0,0,0,1,0,4,0,0,0,198116,2021,asbmb,28,15,0,0,"Am. Society for 
Biochemistry and Molecular Biology "
/mnt/c/Users/m/projects/nas_crt/data/learned_societies/asbmb/ASBMBToday-2021-09.txt,0,2,2,0,0,0,0,0,0,1,9,5,1,0,0,4,0,0,0,0,0,0,0,0,0,0,0,0,0,0,0,187280,2021,asbmb,24,18,0,1,"Am. Society for 
Biochemistry and Molecular Biology "
/mnt/c/Users/m/projects/nas_crt/data/learned_societies/asbmb/ASBMBToday-2021-10.txt,0,3,3,0,0,1,0,0,0,0,13,1,0,0,0,2,0,1,0,0,1,0,0,0,0,0,0,2,0,0,0,195301,2021,asbmb,27,16,0,0,"Am. Society for 
Biochemistry and Molecular Biology "
